{
  "IcoMoonType": "selection",
  "icons": [
    {
      "icon": {
        "paths": [
          "M970.902 113.778v796.442h-849.539v-796.442h849.539zM970.902 0h-849.539c-66.75 0-121.363 51.2-121.363 113.778v796.442c0 62.58 54.613 113.78 121.363 113.78h849.539c66.751 0 121.364-51.2 121.364-113.78v-796.442c0-62.578-54.613-113.778-121.364-113.778z"
        ],
        "attrs": [
          {}
        ],
        "width": 1092,
        "isMulticolor": false,
        "isMulticolor2": false,
        "grid": 0,
        "tags": [
          "Unchecked"
        ],
        "colorPermutations": {
          "2552552551331502431": [
            {}
          ]
        }
      },
      "attrs": [
        {}
      ],
      "properties": {
        "order": 41,
        "id": 1,
        "name": "Vector",
        "prevSize": 32
      },
      "setIdx": 0,
      "setId": 8,
      "iconIdx": 0
    },
    {
      "icon": {
        "paths": [
          "M136.533 0h819.2c75.405 0 136.533 61.128 136.533 136.533v750.933c0 75.405-61.128 136.533-136.533 136.533h-819.2c-75.405 0-136.533-61.128-136.533-136.533v-750.933c0-75.405 61.128-136.533 136.533-136.533z",
          "M270.133 529.18l-4.695-4.48-70.546 66.825 248.551 237.109 522.183-498.145-70.083-66.856-452.098 430.877-173.311-165.331z"
        ],
        "attrs": [
          {
            "fill": "rgb(33, 150, 243)"
          },
          {
            "fill": "rgb(255, 255, 255)",
            "stroke": "rgb(255, 255, 255)",
            "strokeLinejoin": "miter",
            "strokeLinecap": "butt",
            "strokeMiterlimit": "4",
            "strokeWidth": 13.653333333333334
          }
        ],
        "width": 1092,
        "isMulticolor": true,
        "isMulticolor2": true,
        "grid": 0,
        "tags": [
          "icon check"
        ],
        "colorPermutations": {
          "2552552551331502431": [
            {
              "f": 0
            },
            {
              "f": 1,
              "s": 1
            }
          ]
        }
      },
      "attrs": [
        {
          "fill": "rgb(33, 150, 243)"
        },
        {
          "fill": "rgb(255, 255, 255)",
          "stroke": "rgb(255, 255, 255)",
          "strokeLinejoin": "miter",
          "strokeLinecap": "butt",
          "strokeMiterlimit": "4",
          "strokeWidth": 13.653333333333334
        }
      ],
      "properties": {
        "order": 40,
        "id": 0,
        "name": "icon-check",
        "prevSize": 32
      },
      "setIdx": 0,
      "setId": 8,
      "iconIdx": 1
    },
    {
      "icon": {
        "paths": [
          "M853.333 233.692l-63.027-63.025-249.862 249.864-249.864-249.864-63.025 63.025 249.864 249.864-249.864 249.862 63.025 63.027 249.864-249.864 249.862 249.864 63.027-63.027-249.862-249.862 249.862-249.864z"
        ],
        "attrs": [],
        "grid": 0,
        "tags": [
          "close-btn"
        ]
      },
      "attrs": [],
      "properties": {
        "order": 37,
        "id": 4,
        "name": "close-btn",
        "prevSize": 32
      },
      "setIdx": 1,
      "setId": 7,
      "iconIdx": 0
    },
    {
      "icon": {
        "paths": [
          "M853.333 170.667h-682.667c-46.933 0-84.907 38.4-84.907 85.333l-0.427 512c0 46.933 38.4 85.333 85.333 85.333h682.667c46.933 0 85.333-38.4 85.333-85.333v-512c0-46.933-38.4-85.333-85.333-85.333zM836.267 352l-301.653 188.587c-13.653 8.533-31.573 8.533-45.227 0l-301.653-188.587c-10.667-6.827-17.067-18.347-17.067-30.72 0-28.587 31.147-45.653 55.467-30.72l285.867 178.773 285.867-178.773c24.32-14.933 55.467 2.133 55.467 30.72 0 12.373-6.4 23.893-17.067 30.72z"
        ],
        "attrs": [],
        "grid": 0,
        "tags": [
          "email-form"
        ]
      },
      "attrs": [],
      "properties": {
        "order": 36,
        "id": 3,
        "name": "email-form",
        "prevSize": 32
      },
      "setIdx": 1,
      "setId": 7,
      "iconIdx": 1
    },
    {
      "icon": {
        "paths": [
          "M796.206 632.752l-104.573-11.935c-25.111-2.884-49.812 5.763-67.516 23.467l-75.751 75.748c-116.509-59.284-212.022-154.384-271.305-271.305l76.163-76.163c17.703-17.703 26.349-42.405 23.467-67.518l-11.939-103.747c-4.94-41.581-39.934-72.87-81.927-72.87h-71.223c-46.521 0-85.221 38.699-82.339 85.221 21.82 351.588 303.006 632.364 654.177 654.181 46.524 2.884 85.225-35.817 85.225-82.335v-71.225c0.41-41.58-30.879-76.572-72.459-81.516z"
        ],
        "attrs": [],
        "grid": 0,
        "tags": [
          "phone-form"
        ]
      },
      "attrs": [],
      "properties": {
        "order": 35,
        "id": 2,
        "name": "phone-form",
        "prevSize": 32
      },
      "setIdx": 1,
      "setId": 7,
      "iconIdx": 2
    },
    {
      "icon": {
        "paths": [
          "M1024 0l-1024 576 327.251 121.203 504.749-473.202-383.927 517.955 0.311 0.115-0.384-0.115v282.048l183.522-214.106 232.482 86.106 159.996-896.004z"
        ],
        "attrs": [],
        "grid": 0,
        "tags": [
          "send-form"
        ]
      },
      "attrs": [],
      "properties": {
        "order": 34,
        "id": 1,
        "name": "send-form",
        "prevSize": 32
      },
      "setIdx": 1,
      "setId": 7,
      "iconIdx": 3
    },
    {
      "icon": {
        "paths": [
          "M512 512c94.293 0 170.667-76.373 170.667-170.667s-76.373-170.667-170.667-170.667c-94.293 0-170.667 76.373-170.667 170.667s76.373 170.667 170.667 170.667zM512 597.333c-113.92 0-341.333 57.173-341.333 170.667v42.667c0 23.467 19.2 42.667 42.667 42.667h597.333c23.467 0 42.667-19.2 42.667-42.667v-42.667c0-113.493-227.413-170.667-341.333-170.667z"
        ],
        "attrs": [],
        "grid": 0,
        "tags": [
          "person-form"
        ]
      },
      "attrs": [],
      "properties": {
        "order": 33,
        "id": 0,
        "name": "person-form",
        "prevSize": 32
      },
      "setIdx": 1,
      "setId": 7,
      "iconIdx": 4
    },
    {
      "icon": {
        "paths": [
          "M995.96 475.343c-9.305-13.581-13.755-29.636-12.7-45.793v-66.397c0-20.353 4.21-35.82 12.629-46.401 8.419-10.583 22.877-15.852 43.378-15.805 19.265 0 32.937 4.501 41.025 13.508 8.82 11.491 13.109 25.542 12.128 39.716v15.603h-34.46v-15.805c0.122-5.173-0.211-10.347-0.997-15.467-0.496-3.502-2.233-6.741-4.924-9.187-3.537-2.636-7.996-3.916-12.484-3.58-4.722-0.334-9.405 1.015-13.129 3.782-3.001 2.711-5.002 6.262-5.708 10.131-0.988 5.421-1.44 10.915-1.356 16.415v80.578c-0.543 7.776 0.977 15.554 4.425 22.628 1.712 2.393 4.094 4.292 6.876 5.483 2.783 1.193 5.859 1.632 8.891 1.271 4.414 0.345 8.793-0.966 12.199-3.646 2.807-2.638 4.615-6.082 5.138-9.795 0.804-5.345 1.162-10.743 1.069-16.144v-16.344h34.46v14.926c0.968 14.775-3.219 29.44-11.914 41.744-7.92 9.859-21.404 14.79-41.238 14.79-19.832 0-34.816-5.267-43.306-16.21z",
          "M1139.436 476.020c-8.704-10.336-13.056-25.397-13.056-45.323v-69.839c0-19.723 4.352-34.651 13.056-44.782s23.258-15.175 43.662-15.128c20.262 0 34.745 5.042 43.449 15.128 8.704 10.131 13.127 25.059 13.127 44.782v69.839c0 19.723-4.423 34.854-13.27 45.254-8.846 10.403-23.258 15.603-43.306 15.603s-34.887-5.267-43.662-15.534zM1199.151 459.268c3.117-6.473 4.537-13.564 4.138-20.669v-85.508c0.401-6.968-0.995-13.922-4.067-20.264-1.747-2.444-4.187-4.374-7.039-5.567-2.849-1.195-5.999-1.605-9.085-1.187-3.096-0.41-6.251 0.007-9.111 1.2-2.858 1.193-5.311 3.117-7.083 5.554-3.137 6.324-4.559 13.288-4.138 20.264v85.914c-0.434 7.108 0.988 14.207 4.138 20.669 2.008 2.179 4.488 3.925 7.268 5.122 2.78 1.195 5.801 1.814 8.855 1.814s6.075-0.619 8.855-1.814c2.78-1.198 5.26-2.943 7.268-5.122v-0.405z",
          "M1281.124 302.984h37.1l27.895 128.859 28.538-128.859h36.1l3.64 185.994h-26.684l-2.854-129.264-27.539 129.264h-21.404l-28.538-129.736-2.638 129.736h-26.969l3.352-185.994z",
          "M1455.997 302.984h57.789c33.293 0 49.94 17.604 49.94 52.814 0 33.723-17.528 50.561-52.58 50.517h-19.692v82.664h-35.671l0.214-185.994zM1505.367 382.473c3.524 0.425 7.103 0.118 10.492-0.897 3.388-1.013 6.502-2.711 9.127-4.978 4.092-6.282 5.895-13.659 5.138-21.003 0.187-5.674-0.39-11.349-1.712-16.885-0.51-1.85-1.402-3.584-2.627-5.102-1.227-1.52-2.758-2.794-4.508-3.744-4.953-2.248-10.427-3.272-15.91-2.972h-13.842v55.581h13.842z",
          "M1615.157 302.984h38.313l39.308 185.994h-33.244l-7.778-42.886h-34.173l-7.992 42.886h-33.745l39.31-185.994zM1647.905 424.548l-13.341-78.071-13.343 78.071h26.684z",
          "M1724.527 302.984h24.972l47.801 106.1v-106.1h29.607v185.994h-23.757l-48.088-110.759v110.759h-30.606l0.071-185.994z",
          "M1896.261 418.061l-39.74-114.817h33.46l24.258 73.752 22.76-73.752h32.746l-39.239 114.817v70.916h-34.244v-70.916z",
          "M1051.038 570.299v9.726h-29.108v75.578h-12.201v-75.578h-29.251v-9.726h70.56z",
          "M1142.296 655.609h-9.419c-0.955 0.056-1.899-0.234-2.64-0.81-0.712-0.496-1.258-1.175-1.569-1.959l-8.417-20.262h-40.383l-8.417 20.262c-0.24 0.848-0.679 1.632-1.284 2.297-0.748 0.565-1.685 0.853-2.64 0.81h-9.419l35.673-85.301h12.415l36.1 84.963zM1083.223 623.934h33.674l-14.269-34.716c-1.053-2.625-1.934-5.309-2.64-8.036-0.499 1.621-0.926 3.174-1.356 4.526l-1.282 3.58-14.127 34.647z",
          "M1203.792 647.23c2.235 0.111 4.472 0.111 6.707 0 1.928-0.187 3.838-0.525 5.708-1.013 1.747-0.405 3.464-0.924 5.136-1.554 1.572-0.608 3.141-1.351 4.782-2.093v-19.184h-14.269c-0.354 0.020-0.706-0.031-1.037-0.147s-0.634-0.296-0.888-0.528c-0.236-0.191-0.421-0.432-0.543-0.701-0.125-0.267-0.183-0.561-0.171-0.853v-6.551h27.681v32.692c-2.259 1.529-4.646 2.885-7.135 4.051-2.542 1.189-5.193 2.162-7.918 2.905-2.918 0.813-5.901 1.4-8.918 1.756-3.459 0.363-6.936 0.543-10.418 0.541-6.153 0.049-12.257-1.031-17.978-3.174-5.34-2.035-10.193-5.067-14.269-8.918-3.971-3.889-7.099-8.479-9.203-13.508-2.248-5.654-3.361-11.658-3.281-17.697-0.076-6.079 1.013-12.121 3.21-17.833 2.052-5.055 5.185-9.655 9.203-13.51 4.072-3.838 8.927-6.847 14.269-8.849 6.108-2.175 12.593-3.252 19.12-3.174 3.321-0.004 6.638 0.245 9.917 0.744 2.901 0.447 5.746 1.171 8.49 2.162 2.495 0.888 4.886 2.019 7.135 3.377 2.186 1.333 4.261 2.823 6.206 4.459l-3.424 5.269c-0.269 0.481-0.668 0.884-1.158 1.169-0.49 0.287-1.051 0.441-1.625 0.452-0.79-0.024-1.556-0.258-2.213-0.677-1.069-0.539-2.211-1.215-3.495-2.026-1.518-0.899-3.117-1.67-4.779-2.297-2.128-0.806-4.323-1.44-6.565-1.89-2.987-0.521-6.022-0.77-9.060-0.744-4.708-0.049-9.381 0.752-13.771 2.364-3.969 1.507-7.546 3.813-10.487 6.754-2.956 3.068-5.216 6.678-6.636 10.605-3.186 9.24-3.186 19.2 0 28.438 1.563 4.011 3.994 7.669 7.135 10.739 2.927 2.927 6.478 5.229 10.418 6.756 4.535 1.474 9.345 2.048 14.125 1.687z",
          "M1317.512 645.877h38.957v9.726h-50.871v-85.304h12.201l-0.287 75.578z",
          "M1396.994 655.603h-12.201v-85.304h12.201v85.304z",
          "M1442.369 570.704c0.726 0.392 1.356 0.922 1.854 1.554l52.153 64.303c-0.071-1.011-0.071-2.026 0-3.039 0-0.946 0-1.892 0-2.769v-60.79h10.63v85.646h-6.135c-0.908 0.069-1.821-0.093-2.64-0.472-0.741-0.425-1.394-0.975-1.926-1.623l-52.082-64.234c0 1.013 0 1.957 0 2.903s0 1.825 0 2.636v60.79h-10.202v-85.31h6.351c0.688 0.002 1.369 0.14 1.997 0.405z",
          "M1596.823 570.299v9.387h-43.235v28.167h35.030v9.049h-35.030v29.113h43.235v9.387h-55.79v-85.103h55.79z",
          "M318.408 43.496l541.718 145.616v510.264l-541.718-145.548v-510.332zM283.664 0v578.616l611.134 164.325v-578.548l-611.134-164.393z",
          "M611.206 1011.538l-611.206-164.463v-578.553l611.206 164.394v578.622z",
          "M293.795 36.944l534.655 143.79-227.375 215.314-534.725-143.859 227.444-215.245zM283.664 0l-283.664 268.535 611.206 164.39 283.592-268.535-611.134-164.39z",
          "M645.599 978.989l249.204-235.979-249.204-67.065v303.044z"
        ],
        "attrs": [],
        "width": 1981,
        "grid": 0,
        "tags": [
          "logo6"
        ]
      },
      "attrs": [],
      "properties": {
        "order": 6,
        "id": 5,
        "name": "logo6",
        "prevSize": 32
      },
      "setIdx": 2,
      "setId": 6,
      "iconIdx": 0
    },
    {
      "icon": {
        "paths": [
          "M97.773 855.755c5.008 6.222 7.677 14.018 7.537 22.018 0.256 5.22-0.661 10.43-2.683 15.242-2.022 4.815-5.096 9.111-8.996 12.571-9.73 7.379-21.784 10.985-33.949 10.159h-59.682v-139.547h58.46c11.54-0.771 22.988 2.506 32.388 9.27 3.775 3.172 6.765 7.183 8.733 11.715 1.968 4.53 2.86 9.458 2.606 14.395 0.343 7.697-2.065 15.266-6.79 21.338-4.536 5.545-10.805 9.388-17.789 10.907 7.918 1.451 15.065 5.68 20.166 11.931zM27.77 834.689h24.987c5.679 0.423 11.319-1.222 15.888-4.634 1.876-1.708 3.336-3.826 4.266-6.19s1.306-4.911 1.098-7.445c0.176-2.525-0.207-5.057-1.123-7.414s-2.341-4.482-4.173-6.22c-4.706-3.508-10.521-5.181-16.363-4.704h-24.579v36.607zM71.089 888.205c2.005-1.75 3.582-3.937 4.606-6.397s1.47-5.122 1.301-7.785c0.153-2.691-0.313-5.381-1.36-7.863-1.048-2.484-2.65-4.691-4.683-6.451-4.889-3.641-10.901-5.427-16.975-5.046h-26.209v38.38h26.548c5.976 0.346 11.891-1.36 16.771-4.839z",
          "M217.272 915.746l-32.523-54.538h-12.222v54.538h-27.974v-139.547h52.96c13.349-0.935 26.546 3.312 36.869 11.863 7.403 7.573 11.868 17.552 12.591 28.14 0.721 10.586-2.346 21.084-8.654 29.6-6.534 7.514-15.458 12.525-25.257 14.179l34.628 55.764h-30.418zM172.527 842.19h22.882c15.888 0 23.832-7.046 23.832-21.134 0.163-2.878-0.272-5.756-1.279-8.456-1.004-2.699-2.557-5.159-4.56-7.225-5.021-4.192-11.487-6.225-17.993-5.658h-23.153l0.272 42.472z",
          "M370.176 887.655h-55.743l-9.846 28.086h-29.332l51.196-137.979h31.707l50.993 137.979h-29.332l-9.643-28.086zM362.707 866.522l-20.369-58.9-20.369 58.9h40.738z",
          "M561.586 915.744h-27.77l-62.261-94.894v94.894h-27.702v-139.547h27.702l62.261 95.441v-95.441h27.77v139.547z",
          "M720.062 882.342c-5.741 10.536-14.491 19.105-25.123 24.609-12.088 6.131-25.502 9.153-39.041 8.796h-49.431v-139.547h49.431c13.515-0.355 26.912 2.593 39.041 8.591 10.63 5.377 19.388 13.863 25.123 24.336 5.717 11.349 8.695 23.89 8.695 36.607 0 12.719-2.978 25.26-8.695 36.609zM688.285 879.002c7.926-9.27 12.284-21.086 12.284-33.302 0-12.218-4.357-24.031-12.284-33.302-9.58-8.397-22.073-12.661-34.764-11.863h-19.282v90.328h19.282c12.691 0.797 25.184-3.464 34.764-11.861z",
          "M387.564 0c0 0 358.433 135.865 350.829 332.471v332.539c0 0-358.163-135.933-350.694-332.539l-0.135-332.471z",
          "M1057.714 587.157c67.693-46.773 145.994-75.743 227.729-84.26v-104.097c-94.177 36.444-174.073 102.526-227.729 188.357z",
          "M1017.048 618.518c55.405-112.013 151.458-198.449 268.401-241.529v-299.954c0 0-510.46 193.539-499.664 473.518v473.447c0 0 22.746-8.656 58.529-24.881 0-15.136 0-30.404 1.63-45.744 10.565-129.978 72.109-250.425 171.104-334.857z",
          "M968.504 794.4c2.68-32.836 8.663-65.314 17.857-96.94-61.64 72.913-98.969 163.391-106.736 258.71-0.747 8.998-1.155 17.996-1.36 27.269 28.992-13.977 62.739-31.428 98.182-51.947-9.046-45.095-11.719-91.247-7.944-137.092z",
          "M988.805 796.106c-3.399 41.476-1.275 83.225 6.314 124.139 139.462-83.783 296.171-213.24 290.128-369.692v-13.634c-99.64 11.194-192.863 54.928-265.345 124.479-16.97 43.104-27.452 88.504-31.097 134.708z"
        ],
        "attrs": [],
        "width": 1285,
        "grid": 0,
        "tags": [
          "logo5"
        ]
      },
      "attrs": [],
      "properties": {
        "order": 7,
        "id": 4,
        "name": "logo5",
        "prevSize": 32
      },
      "setIdx": 2,
      "setId": 6,
      "iconIdx": 1
    },
    {
      "icon": {
        "paths": [
          "M295.345 305.547h-0.064c-53.874 0-97.549 42.558-97.549 95.058v0.062c0 52.5 43.674 95.061 97.549 95.061h0.064c53.874 0 97.549-42.56 97.549-95.061v-0.062c0-52.5-43.675-95.058-97.549-95.058z",
          "M1015.351 275.158c-0.152-72.92-29.941-142.812-82.846-194.38s-124.616-80.613-199.444-80.779c-74.85 0.132-146.596 29.163-199.53 80.735-52.931 51.571-82.737 121.482-82.892 194.424v402.115c0 0 564.648-61.285 564.712-402.053v-0.062z",
          "M0 809.253c0.136 50.738 20.874 99.361 57.684 135.244s86.698 56.11 138.763 56.258c52.054-0.148 101.933-20.366 138.739-56.234 36.809-35.871 57.554-84.478 57.708-135.206v-279.797c0 0-392.895 42.675-392.895 279.735zM196.447 859.384c-10.175 0-20.12-2.939-28.58-8.449-8.46-5.508-15.053-13.336-18.947-22.497s-4.912-19.239-2.927-28.965c1.985-9.726 6.884-18.658 14.079-25.669s16.361-11.786 26.34-13.719c9.979-1.934 20.322-0.941 29.722 2.853s17.434 10.219 23.088 18.463c5.651 8.244 8.668 17.937 8.668 27.853 0.026 6.599-1.286 13.138-3.86 19.242s-6.359 11.652-11.138 16.329c-4.779 4.675-10.459 8.383-16.713 10.914s-12.959 3.834-19.731 3.834v-0.188z",
          "M597.478 828.278h-40.186v41.512h-20.932v-101.581h66.141v16.953h-45.208v26.233h40.186v16.882zM698.082 821.303c0 9.999-1.769 18.768-5.303 26.303s-8.604 13.348-15.21 17.441c-6.558 4.094-14.093 6.139-22.604 6.139-8.418 0-15.929-2.024-22.535-6.070-6.604-4.046-11.721-9.814-15.348-17.301-3.627-7.535-5.465-16.186-5.511-25.955v-5.022c0-9.999 1.788-18.792 5.37-26.372 3.629-7.63 8.721-13.467 15.279-17.513 6.606-4.094 14.141-6.139 22.607-6.139 8.463 0 15.977 2.046 22.533 6.139 6.606 4.046 11.7 9.883 15.279 17.513 3.629 7.58 5.444 16.348 5.444 26.303v4.534zM676.871 816.697c0-10.65-1.905-18.744-5.72-24.278s-9.256-8.302-16.324-8.302c-7.025 0-12.443 2.743-16.258 8.232-3.813 5.441-5.744 13.441-5.789 24v4.953c0 10.371 1.907 18.418 5.72 24.14 3.815 5.72 9.302 8.58 16.465 8.58 7.023 0 12.419-2.743 16.186-8.232 3.767-5.534 5.675-13.581 5.72-24.14v-4.953zM765.966 843.14c0-3.953-1.395-6.977-4.186-9.071-2.791-2.138-7.816-4.372-15.069-6.696-7.256-2.372-13-4.698-17.234-6.977-11.535-6.232-17.301-14.629-17.301-25.186 0-5.489 1.534-10.373 4.603-14.653 3.117-4.325 7.559-7.697 13.326-10.116 5.813-2.417 12.326-3.627 19.535-3.627 7.256 0 13.722 1.326 19.396 3.977 5.672 2.605 10.069 6.301 13.186 11.093 3.162 4.791 4.744 10.233 4.744 16.327h-20.93c0-4.653-1.465-8.256-4.396-10.814-2.929-2.605-7.047-3.908-12.348-3.908-5.118 0-9.095 1.093-11.931 3.279-2.839 2.138-4.256 4.977-4.256 8.511 0 3.303 1.65 6.070 4.953 8.302 3.348 2.234 8.256 4.327 14.719 6.28 11.907 3.582 20.582 8.023 26.024 13.326 5.441 5.301 8.163 11.907 8.163 19.813 0 8.792-3.327 15.698-9.978 20.721-6.651 4.977-15.603 7.466-26.86 7.466-7.813 0-14.929-1.419-21.349-4.256-6.418-2.884-11.326-6.813-14.719-11.79-3.351-4.977-5.025-10.745-5.025-17.303h21.002c0 11.209 6.696 16.815 20.092 16.815 4.977 0 8.861-1 11.652-3.001 2.791-2.046 4.186-4.884 4.186-8.511zM877.663 785.163h-31.118v84.628h-20.93v-84.628h-30.696v-16.953h82.744v16.953zM950.779 825.768h-40.186v27.21h47.164v16.813h-68.094v-101.581h67.953v16.953h-47.023v24.209h40.186v16.396zM1007.64 832.605h-16.675v37.185h-20.93v-101.581h37.743c12.002 0 21.256 2.674 27.769 8.023 6.511 5.349 9.766 12.907 9.766 22.676 0 6.93-1.512 12.719-4.534 17.37-2.977 4.606-7.511 8.28-13.605 11.023l21.978 41.512v0.976h-22.466l-19.046-37.185zM990.965 815.652h16.884c5.256 0 9.326-1.326 12.209-3.977 2.884-2.698 4.325-6.396 4.325-11.093 0-4.791-1.372-8.559-4.115-11.302-2.698-2.746-6.861-4.117-12.49-4.117h-16.813v30.489zM1117.803 834v35.79h-20.93v-101.581h39.626c7.628 0 14.326 1.395 20.094 4.186 5.813 2.791 10.278 6.768 13.395 11.928 3.115 5.118 4.675 10.954 4.675 17.513 0 9.954-3.42 17.813-10.257 23.581-6.792 5.722-16.21 8.583-28.255 8.583h-18.349zM1117.803 817.047h18.696c5.534 0 9.745-1.303 12.629-3.908 2.929-2.605 4.396-6.325 4.396-11.162 0-4.977-1.467-9.002-4.396-12.071-2.931-3.070-6.977-4.651-12.14-4.744h-19.185v31.885zM1250.221 825.768h-40.186v27.21h47.164v16.813h-68.094v-101.581h67.953v16.953h-47.023v24.209h40.186v16.396zM1347.336 785.163h-31.115v84.628h-20.93v-84.628h-30.699v-16.953h82.744v16.953zM1420.452 825.768h-40.186v27.21h47.164v16.813h-68.094v-101.581h67.955v16.953h-47.025v24.209h40.186v16.396zM1477.313 832.605h-16.675v37.185h-20.93v-101.581h37.745c12 0 21.256 2.674 27.767 8.023 6.513 5.349 9.768 12.907 9.768 22.676 0 6.93-1.512 12.719-4.537 17.37-2.977 4.606-7.511 8.28-13.603 11.023l21.976 41.512v0.976h-22.466l-19.046-37.185zM1460.638 815.652h16.884c5.256 0 9.326-1.326 12.209-3.977 2.884-2.698 4.327-6.396 4.327-11.093 0-4.791-1.372-8.559-4.117-11.302-2.698-2.746-6.861-4.117-12.488-4.117h-16.815v30.489zM1583.64 843.14c0-3.953-1.395-6.977-4.186-9.071-2.791-2.138-7.813-4.372-15.069-6.696-7.256-2.372-13-4.698-17.232-6.977-11.535-6.232-17.303-14.629-17.303-25.186 0-5.489 1.536-10.373 4.606-14.653 3.115-4.325 7.556-7.697 13.324-10.116 5.815-2.417 12.326-3.627 19.535-3.627 7.256 0 13.722 1.326 19.396 3.977 5.675 2.605 10.069 6.301 13.186 11.093 3.162 4.791 4.744 10.233 4.744 16.327h-20.93c0-4.653-1.465-8.256-4.396-10.814-2.929-2.605-7.047-3.908-12.348-3.908-5.118 0-9.092 1.093-11.931 3.279-2.836 2.138-4.256 4.977-4.256 8.511 0 3.303 1.65 6.070 4.953 8.302 3.348 2.234 8.256 4.327 14.722 6.28 11.907 3.582 20.58 8.023 26.024 13.326 5.441 5.301 8.161 11.907 8.161 19.813 0 8.792-3.324 15.698-9.976 20.721-6.651 4.977-15.605 7.466-26.862 7.466-7.813 0-14.929-1.419-21.347-4.256-6.42-2.884-11.326-6.813-14.722-11.79-3.348-4.977-5.022-10.745-5.022-17.303h20.999c0 11.209 6.696 16.815 20.092 16.815 4.977 0 8.861-1 11.652-3.001 2.791-2.046 4.186-4.884 4.186-8.511z"
        ],
        "attrs": [],
        "width": 1905,
        "grid": 0,
        "tags": [
          "logo4"
        ]
      },
      "attrs": [],
      "properties": {
        "order": 13,
        "id": 3,
        "name": "logo4",
        "prevSize": 32
      },
      "setIdx": 2,
      "setId": 6,
      "iconIdx": 2
    },
    {
      "icon": {
        "paths": [
          "M151.115 995.295c0.357 0.010 0.71 0.086 1.036 0.226s0.619 0.341 0.863 0.591l4.9 5.137c-3.804 4.156-8.505 7.482-13.782 9.747-6.18 2.472-12.84 3.665-19.54 3.501-6.296 0.124-12.551-0.988-18.376-3.267-5.254-2.093-9.975-5.239-13.843-9.223-3.948-4.132-6.988-8.973-8.943-14.241-2.141-5.873-3.198-12.052-3.124-18.268-0.087-6.256 1.056-12.474 3.369-18.327 2.14-5.301 5.367-10.142 9.494-14.243 4.183-4.017 9.186-7.175 14.701-9.28 6.033-2.227 12.457-3.336 18.927-3.267 6.010-0.141 11.988 0.874 17.579 2.977 4.851 2.005 9.306 4.789 13.169 8.23l-4.104 5.487c-0.284 0.386-0.636 0.722-1.041 0.991-0.484 0.317-1.069 0.462-1.654 0.41-0.636-0.043-1.249-0.243-1.776-0.583l-2.205-1.46-3.062-1.867c-1.322-0.693-2.693-1.298-4.104-1.81-1.817-0.619-3.68-1.107-5.574-1.46-2.404-0.422-4.845-0.617-7.289-0.583-4.659-0.055-9.283 0.779-13.598 2.45-4.025 1.55-7.658 3.898-10.658 6.889-3.054 3.179-5.408 6.911-6.922 10.971-1.725 4.646-2.575 9.547-2.511 14.477-0.074 5.003 0.777 9.983 2.511 14.707 1.495 4.027 3.805 7.735 6.799 10.914 2.806 2.965 6.283 5.28 10.168 6.77 3.998 1.581 8.29 2.374 12.618 2.336 2.5 0.036 4.999-0.119 7.473-0.467 4.039-0.472 7.914-1.807 11.332-3.91 1.714-1.079 3.333-2.289 4.839-3.62 0.63-0.572 1.458-0.905 2.328-0.934z",
          "M292.604 969.485c0.076 6.194-1.045 12.345-3.308 18.151-1.996 5.265-5.141 10.069-9.226 14.093-4.086 4.025-9.021 7.178-14.479 9.252-11.993 4.358-25.25 4.358-37.241 0-5.423-2.108-10.325-5.268-14.394-9.28-4.083-4.096-7.251-8.94-9.31-14.238-4.412-11.757-4.412-24.605 0-36.362 2.089-5.301 5.253-10.159 9.31-14.298 4.104-3.886 9.004-6.925 14.394-8.928 11.977-4.437 25.265-4.437 37.241 0 5.441 2.105 10.364 5.265 14.455 9.278 4.034 4.058 7.178 8.84 9.249 14.065 2.269 5.846 3.391 12.038 3.308 18.268zM279.743 969.485c0.095-4.953-0.691-9.888-2.329-14.591-1.372-4.027-3.603-7.744-6.554-10.912-2.872-3.001-6.408-5.351-10.352-6.887-8.714-3.191-18.358-3.191-27.073 0-3.944 1.536-7.48 3.886-10.352 6.887-2.991 3.151-5.246 6.87-6.615 10.912-3.117 9.502-3.117 19.682 0 29.182 1.383 4.039 3.636 7.756 6.615 10.914 2.876 2.982 6.412 5.313 10.352 6.827 8.729 3.11 18.345 3.11 27.073 0 3.941-1.515 7.478-3.846 10.352-6.827 2.939-3.177 5.168-6.889 6.554-10.914 1.646-4.701 2.431-9.635 2.329-14.591z",
          "M389.139 984.783l1.286 3.267c0.491-1.167 0.919-2.217 1.407-3.267 0.469-1.098 1-2.169 1.593-3.21l31.301-54.21c0.612-0.934 1.162-1.517 1.777-1.693 0.831-0.241 1.703-0.341 2.572-0.291h9.249v88.174h-10.964v-64.833c0-0.817 0-1.75 0-2.741-0.060-1.012-0.060-2.024 0-3.036l-31.484 54.972c-0.4 0.822-1.041 1.519-1.843 2.005-0.805 0.486-1.738 0.743-2.689 0.736h-1.777c-0.955 0.014-1.891-0.238-2.696-0.726s-1.443-1.188-1.838-2.015l-32.401-55.322c0 1.050 0 2.103 0 3.153s0 1.984 0 2.801v64.831h-10.597v-87.997h9.249c0.869-0.050 1.741 0.050 2.572 0.291 0.76 0.36 1.365 0.957 1.715 1.693l31.975 54.27c0.629 1.003 1.162 2.058 1.593 3.151z",
          "M506.925 980.401v33.030h-12.25v-88.057h27.317c5.158-0.093 10.3 0.555 15.253 1.927 3.965 1.069 7.642 2.941 10.781 5.484 2.72 2.386 4.818 5.341 6.125 8.637 1.446 3.591 2.153 7.416 2.084 11.262 0.052 3.863-0.717 7.694-2.267 11.262-1.472 3.379-3.736 6.392-6.616 8.811-3.143 2.65-6.837 4.639-10.842 5.837-4.768 1.45-9.757 2.141-14.762 2.041l-14.822-0.233zM506.925 970.95h14.822c3.222 0.038 6.427-0.414 9.495-1.343 2.531-0.812 4.865-2.1 6.861-3.794 1.841-1.615 3.265-3.61 4.165-5.834 1.003-2.353 1.503-4.872 1.469-7.411 0.143-2.448-0.276-4.896-1.229-7.173-0.95-2.279-2.412-4.329-4.282-6.015-4.682-3.482-10.559-5.168-16.479-4.727h-14.822v36.297z",
          "M671.57 1013.55h-9.678c-0.969 0.033-1.924-0.255-2.693-0.819-0.695-0.548-1.241-1.248-1.593-2.041l-8.33-21.302h-41.836l-8.637 21.302c-0.317 0.779-0.845 1.462-1.531 1.984-0.779 0.598-1.755 0.907-2.755 0.876h-9.678l36.752-88.183h12.74l37.24 88.183zM610.93 980.809h34.547l-14.579-35.892c-1.112-2.698-2.034-5.468-2.755-8.287l-1.41 4.61c-0.429 1.403-0.917 2.686-1.345 3.736l-14.457 35.833z",
          "M724.499 925.777c0.733 0.383 1.362 0.922 1.838 1.576l53.596 66.472c0-1.053 0-2.103 0-3.093 0-0.993 0-1.984 0-2.92v-62.445h10.964v88.183h-6.125c-0.869 0.024-1.731-0.155-2.51-0.526-0.757-0.419-1.422-0.974-1.96-1.634l-53.536-66.412c0.060 1.010 0.060 2.022 0 3.034 0 0.993 0 1.867 0 2.684v62.855h-10.964v-88.183h6.494c0.757-0.019 1.51 0.119 2.203 0.41z",
          "M881.183 978.477v35.016h-12.252v-35.016l-33.873-53.105h10.964c0.945-0.055 1.879 0.214 2.634 0.757 0.667 0.567 1.226 1.238 1.655 1.984l21.194 34.259c0.857 1.457 1.591 2.801 2.205 4.084 0.612 1.284 1.103 2.51 1.531 3.736l1.591-3.794c0.595-1.388 1.291-2.734 2.084-4.027l20.887-34.492c0.438-0.688 0.974-1.317 1.593-1.867 0.726-0.605 1.669-0.919 2.634-0.874h11.085l-33.933 53.338z",
          "M383.069 777.39c5.33 0.641 10.721 1.167 16.172 1.634 82.649-35.226 152.566-92.879 201.014-165.752 48.447-72.875 73.276-157.736 71.378-243.981l-91.084-86.778c18.52 91.822 9.859 186.742-25.019 274.141-34.876 87.4-94.589 163.828-172.461 220.736z",
          "M350.546 773.353l2.45 0.467c83.211-56.706 146.653-135.892 182.122-227.318 35.466-91.424 41.329-190.886 16.827-285.52l-129.734-123.598c52.474 101.597 73.595 215.296 60.909 327.879s-58.661 219.422-132.575 308.091z",
          "M790.526 471.185c-22.040 94.763-75.571 180.224-152.643 243.7-22.507 18.639-46.787 35.245-72.523 49.602 62.759-17.572 120.441-48.645 168.603-90.815 48.164-42.172 85.516-94.318 109.18-152.416l-52.617-50.071z",
          "M769.886 457.233l-74.912-71.373c-1.434 81.372-25.714 160.894-70.32 230.3-44.606 69.408-107.908 126.164-183.329 164.376h0.369c16.806-0.007 33.599-0.962 50.288-2.86 70.485-27.41 132.751-71.016 181.243-126.931 48.49-55.915 81.699-122.397 96.661-193.512z",
          "M361.393 85.261l-89.369-85.261c-79.892 29.413-148.602 81.121-197.138 148.355s-74.637 146.862-74.886 228.463v0c0.299 90.167 32.154 177.662 90.521 248.639s139.913 121.382 231.732 143.236c81.965-95.144 129.955-212.709 136.992-335.612 7.039-122.904-27.238-244.745-97.852-347.819z",
          "M976.377 444.106c-0.321-106.977-45.070-209.486-124.468-285.131s-186.992-118.278-299.277-118.586c-51.886-0.051-103.331 9.071-151.723 26.903l547.171 521.307c18.737-46.082 28.331-95.077 28.298-144.494z"
        ],
        "attrs": [],
        "width": 976,
        "grid": 0,
        "tags": [
          "logo3"
        ]
      },
      "attrs": [],
      "properties": {
        "order": 9,
        "id": 2,
        "name": "logo3",
        "prevSize": 32
      },
      "setIdx": 2,
      "setId": 6,
      "iconIdx": 3
    },
    {
      "icon": {
        "paths": [
          "M334.314 57.787h2.69c4.982 0 10.362 0.501 15.693 0.952 23.485 1.656 46.807 5.173 69.742 10.516v-56.385c-23.617-5.925-47.703-9.763-71.985-11.467-9.216-0.701-19.029-1.152-29.091-1.402h-8.418c-48.736 0.183-97.262 6.44-144.468 18.628-53.765 13.409-105.371 34.398-153.284 62.344v559.197c46.134-25.066 95.223-44.195 146.111-56.936 40.179-10.252 81.255-16.557 122.646-18.828h1.644c6.926-0.351 13.85-0.551 20.972-0.603v-57.285c-53.784 0.691-107.296 7.802-159.411 21.181-19.279 5.008-37.91 10.415-55.396 16.425l-19.926 6.76v-436.011l8.518-4.106c65.009-30.827 135.32-48.764 207.085-52.83 0.597-0.044 1.197-0.044 1.794 0 7.92-0.401 15.892-0.601 23.713-0.601h8.966c4.135 0.1 8.269 0.2 12.404 0.451z",
          "M474.801 116.826c-13.101 0-26.053-0.451-38.558-1.402-14.944-1.102-30.289-2.904-44.833-5.358-8.867-1.502-17.585-3.305-26.055-5.258v552.787c35.854 8.877 72.671 13.217 109.596 12.92 48.733-0.199 97.254-6.437 144.467-18.58 53.776-13.426 105.395-34.414 153.334-62.344v-549.231c-46.127 25.053-95.197 44.197-146.060 56.986-49.64 12.75-100.655 19.292-151.891 19.48zM695.836 126.391l19.927-6.71v436.16l-8.519 4.106c-32.675 15.547-66.798 27.808-101.874 36.606-42.594 11.020-86.384 16.689-130.369 16.874-13.151 0-26.203-0.549-38.855-1.652l-13.651-1.201v-448.529l15.892 1.052c11.557 0.751 23.513 1.102 36.515 1.102 55.84-0.198 111.439-7.33 165.539-21.232 18.58-4.907 37.063-10.416 55.394-16.575z",
          "M53.903 831.26c-2.865-2.972-6.318-5.305-10.137-6.849s-7.917-2.265-12.031-2.115c-4.384-0.059-8.736 0.758-12.803 2.404-3.729 1.485-7.119 3.716-9.963 6.56-2.813 2.851-5.002 6.262-6.426 10.016-1.562 3.933-2.34 8.135-2.292 12.369v74.713c-0.178 5.264 0.826 10.502 2.939 15.323 1.764 3.828 4.31 7.241 7.472 10.016 2.986 2.515 6.491 4.326 10.262 5.309 3.633 1.020 7.387 1.542 11.159 1.552 4.161 0.041 8.279-0.849 12.055-2.603 3.734-1.634 7.118-3.982 9.963-6.912 2.774-2.903 4.987-6.298 6.526-10.016 1.597-3.767 2.41-7.822 2.391-11.918v-8.361h-19.528v6.66c0.058 2.274-0.331 4.537-1.146 6.66-0.636 1.589-1.604 3.025-2.839 4.206-1.21 0.977-2.597 1.709-4.085 2.152-1.319 0.439-2.696 0.675-4.085 0.701-1.744 0.203-3.509-0.059-5.119-0.764-1.609-0.703-3.006-1.822-4.047-3.241-1.841-3.003-2.743-6.491-2.59-10.016v-69.656c-0.121-3.862 0.7-7.696 2.391-11.166 1.014-1.577 2.448-2.836 4.139-3.633s3.571-1.101 5.425-0.874c1.683-0.059 3.356 0.291 4.874 1.024s2.837 1.825 3.844 3.182c2.185 2.869 3.328 6.404 3.238 10.016v6.459h19.329v-7.611c0.039-4.47-0.773-8.907-2.391-13.070-1.443-3.915-3.663-7.493-6.526-10.516z",
          "M169.918 830.407c-6.227-5.258-14.086-8.162-22.218-8.212-3.978 0.016-7.922 0.729-11.657 2.103-3.792 1.359-7.292 3.432-10.312 6.109-3.235 2.909-5.817 6.477-7.572 10.466-1.967 4.563-2.936 9.5-2.839 14.472v71.658c-0.135 5.041 0.835 10.049 2.839 14.673 1.767 3.852 4.352 7.27 7.572 10.014 2.985 2.773 6.491 4.917 10.312 6.311 3.735 1.375 7.679 2.085 11.657 2.103 3.978-0.008 7.924-0.721 11.657-2.103 3.886-1.414 7.47-3.554 10.561-6.311 3.115-2.794 5.625-6.203 7.373-10.014 2.005-4.624 2.974-9.632 2.84-14.673v-71.658c0.096-4.972-0.872-9.909-2.84-14.472-1.738-3.948-4.245-7.507-7.373-10.466zM160.802 927.004c0.165 1.91-0.099 3.832-0.772 5.626s-1.736 3.413-3.114 4.74c-2.579 2.162-5.832 3.348-9.191 3.348s-6.612-1.185-9.191-3.348c-1.377-1.327-2.442-2.946-3.114-4.74s-0.936-3.716-0.772-5.626v-71.658c-0.165-1.91 0.099-3.832 0.772-5.626s1.737-3.415 3.114-4.74c2.579-2.162 5.832-3.348 9.191-3.348s6.612 1.185 9.191 3.348c1.377 1.325 2.442 2.946 3.114 4.74s0.936 3.716 0.772 5.626v71.658z",
          "M322.314 959.004v-135.654h-18.781l-24.659 71.808h-0.349l-24.858-71.808h-18.582v135.654h19.379v-82.525h0.349l18.979 58.338h9.665l19.129-58.338h0.349v82.525h19.377z",
          "M432.408 832.861c-2.983-3.348-6.751-5.896-10.961-7.412-4.535-1.475-9.281-2.186-14.047-2.103h-28.794v135.656h19.328v-52.98h9.964c6.030 0.274 12.030-1.002 17.436-3.706 4.393-2.44 8.058-6.020 10.61-10.366 2.235-3.608 3.742-7.625 4.433-11.817 0.762-5.104 1.111-10.264 1.048-15.423 0.187-6.514-0.449-13.026-1.894-19.379-1.288-4.695-3.74-8.986-7.123-12.469zM422.443 874.222c-0.083 2.456-0.695 4.866-1.792 7.062-1.105 2.085-2.853 3.755-4.982 4.756-2.863 1.282-5.986 1.865-9.116 1.703h-8.818v-46.119h9.962c3.001-0.148 5.992 0.437 8.718 1.701 1.999 1.148 3.586 2.901 4.533 5.008 1.057 2.383 1.632 4.955 1.696 7.562 0 2.855 0 5.858 0 9.013s0.199 6.41 0 9.314h-0.201z",
          "M523.961 823.349h-15.84l-29.889 135.654h19.328l5.679-29.145h26.352l5.679 29.145h19.328l-30.637-135.654zM506.128 911.382l9.515-49.174h0.349l9.464 49.174h-19.328z",
          "M648.854 905.072h-0.349l-29.194-81.723h-18.58v135.654h19.328v-81.573h0.398l29.542 81.573h18.182v-135.654h-19.328v81.723z",
          "M766.968 823.349l-15.543 53.931h-0.398l-15.543-53.931h-20.474l26.551 78.318v57.336h19.33v-57.336l26.551-78.318h-20.474z",
          "M0 997.307h9.316v26.14h6.327v-26.14h9.266v-5.358h-24.908v5.358z",
          "M78.311 991.949l-12.205 31.498h6.725l2.59-7.16h12.554l2.69 7.16h6.875l-12.504-31.498h-6.725zM77.314 1010.977l4.284-11.668 4.284 11.668h-8.568z",
          "M155.725 1011.832h7.273v4.057c-2.124 1.703-4.756 2.637-7.472 2.655-1.27 0.071-2.539-0.165-3.701-0.687-1.161-0.524-2.181-1.317-2.975-2.318-1.67-2.399-2.494-5.289-2.341-8.212 0-7.010 3.039-10.516 9.067-10.516 1.587-0.16 3.177 0.26 4.484 1.178s2.243 2.276 2.64 3.828l6.227-1.201c-1.345-6.16-5.779-9.263-13.351-9.263-4.050-0.108-7.988 1.343-11.009 4.057-1.587 1.566-2.815 3.462-3.598 5.555s-1.102 4.332-0.936 6.561c-0.184 4.311 1.258 8.531 4.035 11.819 1.543 1.591 3.411 2.826 5.475 3.621s4.275 1.13 6.481 0.985c4.928 0.138 9.716-1.658 13.351-5.008v-12.418h-13.65v5.307z",
          "M234.78 991.949h-6.376v31.498h22.069v-5.358h-15.693v-26.14z",
          "M301.637 991.949h-6.376v31.498h6.376v-31.498z",
          "M366.994 1012.982l-12.902-21.033h-6.177v31.498h5.927v-20.58l12.654 20.58h6.325v-31.498h-5.827v21.033z",
          "M426.079 1009.575h15.693v-5.358h-15.693v-6.91h16.888v-5.358h-23.264v31.498h23.912v-5.358h-17.536v-8.513z",
          "M569.346 1004.369h-12.404v-12.42h-6.327v31.498h6.327v-13.771h12.404v13.771h6.327v-31.498h-6.327v12.42z",
          "M628.779 1009.575h15.742v-5.358h-15.742v-6.91h16.937v-5.358h-23.264v31.498h23.861v-5.358h-17.534v-8.513z",
          "M709.386 1009.577c5.48-0.851 8.269-3.755 8.269-8.763 0.16-1.339-0.043-2.698-0.587-3.931-0.544-1.235-1.408-2.298-2.501-3.080-2.853-1.434-6.036-2.072-9.216-1.853h-13.351v31.498h6.327v-13.17h1.245c1.349-0.083 2.698 0.158 3.936 0.701 0.926 0.571 1.696 1.361 2.241 2.304l6.875 10.016h7.572l-3.834-6.16c-1.696-3.040-4.086-5.632-6.975-7.562zM703.009 1005.221h-4.683v-7.912h4.982c2.17-0.175 4.354 0.079 6.426 0.75 0.461 0.408 0.825 0.914 1.063 1.481 0.24 0.567 0.351 1.182 0.321 1.798-0.030 0.614-0.195 1.217-0.486 1.759s-0.701 1.012-1.197 1.373c-2.080 0.638-4.256 0.892-6.426 0.752z",
          "M770.154 1009.575h15.693v-5.358h-15.693v-6.91h16.939v-5.358h-23.316v31.498h23.912v-5.358h-17.536v-8.513z"
        ],
        "attrs": [],
        "width": 788,
        "grid": 0,
        "tags": [
          "logo2"
        ]
      },
      "attrs": [],
      "properties": {
        "order": 10,
        "id": 1,
        "name": "logo2",
        "prevSize": 32
      },
      "setIdx": 2,
      "setId": 6,
      "iconIdx": 4
    },
    {
      "icon": {
        "paths": [
          "M122.88 0l149.66 141.68h417.481v395.22l149.66 141.681v-678.58h-716.8z",
          "M0 135.71v659.195h696.32v-262.025l-419.367-397.006-276.953-0.163zM563.673 698.481h-453.489v-443.343h32.056v413.323h421.433v30.020z",
          "M200.52 917.17l16.75-34.501h14l-24.4 46v26.8h-12.7v-26.8l-24.45-46h14.050l16.75 34.501zM272.421 938.521h-28.201l-5.9 16.949h-13.15l27.501-72.8h11.35l27.55 72.8h-13.199l-5.949-16.949zM247.769 928.319h21.101l-10.549-30.2-10.551 30.2zM322.269 935.819c0-3.367 0.918-6.449 2.75-9.249 1.833-2.834 5.45-6.183 10.85-10.050-2.832-3.568-4.817-6.601-5.949-9.101-1.1-2.501-1.651-4.917-1.651-7.25 0-5.7 1.733-10.199 5.2-13.5 3.467-3.332 8.135-4.999 14-4.999 5.3 0 9.634 1.567 13.001 4.7 3.4 3.101 5.1 6.949 5.1 11.551 0 3.033-0.766 5.833-2.3 8.399-1.534 2.533-4.051 5.067-7.551 7.6l-4.95 3.6 14.051 16.599c2.034-4 3.049-8.45 3.049-13.349h10.549c0 8.966-2.099 16.316-6.3 22.049l10.701 12.65h-14.1l-4.1-4.85c-5.2 3.899-11.399 5.849-18.6 5.849s-12.966-1.898-17.299-5.7c-4.301-3.834-6.451-8.817-6.451-14.95zM346.37 946.77c4.1 0 7.934-1.366 11.5-4.1l-15.899-18.749-1.55 1.1c-4 3.033-6.001 6.5-6.001 10.4 0 3.367 1.083 6.101 3.25 8.2s5.067 3.15 8.7 3.15zM339.669 899.871c0 2.8 1.718 6.316 5.151 10.549l5.55-3.799 1.55-1.251c2.066-1.833 3.101-4.182 3.101-7.049 0-1.901-0.717-3.516-2.15-4.85-1.434-1.368-3.25-2.050-5.45-2.050-2.367 0-4.252 0.799-5.65 2.4-1.401 1.599-2.101 3.615-2.101 6.050zM471.921 931.77c-0.733 7.766-3.6 13.832-8.602 18.201-4.999 4.332-11.649 6.498-19.95 6.498-5.8 0-10.916-1.366-15.35-4.1-4.399-2.765-7.799-6.683-10.199-11.749s-3.652-10.951-3.75-17.65v-6.799c0-6.867 1.217-12.917 3.65-18.151 2.433-5.233 5.917-9.265 10.449-12.1 4.567-2.832 9.834-4.25 15.8-4.25 8.034 0 14.5 2.183 19.401 6.55 4.899 4.366 7.75 10.533 8.55 18.5h-12.601c-0.6-5.233-2.132-8.999-4.6-11.299-2.433-2.335-6.017-3.5-10.75-3.5-5.499 0-9.732 2.017-12.7 6.050-2.933 4-4.434 9.884-4.499 17.65v6.449c0 7.868 1.399 13.867 4.2 18.002 2.832 4.133 6.965 6.199 12.399 6.199 4.966 0 8.7-1.116 11.201-3.351 2.501-2.232 4.084-5.949 4.749-11.149h12.601zM541.37 920.969c0 7.133-1.233 13.4-3.701 18.801-2.466 5.368-6.001 9.501-10.6 12.401-4.565 2.865-9.832 4.299-15.798 4.299-5.9 0-11.168-1.434-15.8-4.299-4.6-2.9-8.167-7.016-10.701-12.351-2.501-5.333-3.766-11.483-3.799-18.448v-4.1c0-7.1 1.249-13.367 3.75-18.801 2.533-5.433 6.083-9.583 10.65-12.45 4.6-2.9 9.867-4.35 15.8-4.35s11.182 1.434 15.749 4.301c4.6 2.832 8.151 6.932 10.65 12.298 2.501 5.335 3.768 11.551 3.801 18.651v4.049zM528.72 917.17c0-8.067-1.534-14.25-4.6-18.551-3.033-4.299-7.35-6.449-12.95-6.449-5.468 0-9.751 2.15-12.851 6.449-3.066 4.268-4.633 10.318-4.7 18.151v4.198c0 8.002 1.55 14.184 4.651 18.551 3.133 4.366 7.467 6.55 13.001 6.55 5.599 0 9.9-2.132 12.898-6.4 3.035-4.266 4.551-10.5 4.551-18.7v-3.799z"
        ],
        "attrs": [],
        "width": 922,
        "grid": 0,
        "tags": [
          "logo1"
        ]
      },
      "attrs": [],
      "properties": {
        "order": 11,
        "id": 0,
        "name": "logo1",
        "prevSize": 32
      },
      "setIdx": 2,
      "setId": 6,
      "iconIdx": 5
    },
    {
      "icon": {
        "paths": [
          "M682.496 169.984h93.542v-162.816c-39.438-4.57-85.133-7.177-131.438-7.177-1.672 0-3.343 0.003-5.013 0.010l0.259-0.001c-134.81 0-227.174 84.787-227.174 240.64v143.36h-148.685v182.016h148.685v457.984h182.323v-457.933h142.746l22.63-182.016h-165.376v-125.491c0-52.582 14.182-88.576 87.501-88.576z"
        ],
        "attrs": [],
        "isMulticolor": false,
        "isMulticolor2": false,
        "grid": 0,
        "tags": [
          "facebook"
        ],
        "colorPermutations": {}
      },
      "attrs": [],
      "properties": {
        "order": 16,
        "id": 3,
        "name": "facebook",
        "prevSize": 32
      },
      "setIdx": 3,
      "setId": 5,
      "iconIdx": 0
    },
    {
      "icon": {
        "paths": [
          "M1024 194.509c-35.201 15.787-76.040 27.429-118.809 32.899l-2.176 0.227c43.522-26.13 76.217-66.496 91.947-114.543l0.418-1.476c-38.319 23.119-82.92 40.743-130.431 50.337l-2.689 0.453c-38.393-40.925-92.814-66.42-153.19-66.42-115.907 0-209.869 93.961-209.869 209.869 0 0.041 0 0.081 0 0.122l-0-0.006c0 16.64 1.382 32.666 4.864 47.872-174.541-8.499-328.96-92.16-432.691-219.546-18.048 30.373-28.761 66.941-28.877 106.002l-0 0.033c0 72.704 37.478 137.165 93.235 174.438-34.92-0.962-67.432-10.41-95.815-26.343l1.044 0.538v2.304c0.093 101.277 71.562 185.835 166.812 206.090l1.38 0.246c-15.959 4.362-34.284 6.869-53.194 6.869-0.649 0-1.297-0.003-1.945-0.009l0.099 0.001c-13.414 0-26.982-0.768-39.731-3.584 27.187 83.149 104.346 144.282 196.147 146.227-70.873 55.863-161.454 89.6-259.915 89.6-0.135 0-0.271-0-0.406-0l0.021 0c-0.589 0.003-1.286 0.005-1.984 0.005-17.005 0-33.758-1.081-50.193-3.178l1.95 0.203c90.444 59.073 201.183 94.211 320.128 94.211 0.675 0 1.35-0.001 2.025-0.003l-0.105 0c386.304 0 597.504-320 597.504-597.402 0-9.216-0.307-18.227-0.768-27.136 41.558-29.942 76.495-66.036 104.266-107.35l0.95-1.501z"
        ],
        "attrs": [],
        "isMulticolor": false,
        "isMulticolor2": false,
        "grid": 0,
        "tags": [
          "twitter"
        ],
        "colorPermutations": {}
      },
      "attrs": [],
      "properties": {
        "order": 17,
        "id": 2,
        "name": "twitter",
        "prevSize": 32
      },
      "setIdx": 3,
      "setId": 5,
      "iconIdx": 1
    },
    {
      "icon": {
        "paths": [
          "M1023.744 1024h0.256v-375.603c0-183.706-39.526-325.222-254.31-325.222-103.27 0-172.544 56.627-200.858 110.387h-2.97v-93.235h-203.674v683.622h212.070v-338.483c0-89.139 16.896-175.36 127.283-175.36 108.749 0 110.387 101.734 110.387 181.043v332.851h211.814zM16.896 340.326h212.326v683.674h-212.326v-683.674zM122.982 0c-67.921 0-122.982 55.061-122.982 122.982v0c0 67.84 55.091 124.109 122.982 124.109 67.84 0 122.931-56.218 122.931-124.109-0.029-67.892-55.044-122.924-122.926-122.982l-0.006-0z"
        ],
        "attrs": [],
        "isMulticolor": false,
        "isMulticolor2": false,
        "grid": 0,
        "tags": [
          "linkedin"
        ],
        "colorPermutations": {}
      },
      "attrs": [],
      "properties": {
        "order": 18,
        "id": 1,
        "name": "linkedin",
        "prevSize": 32
      },
      "setIdx": 3,
      "setId": 5,
      "iconIdx": 2
    },
    {
      "icon": {
        "paths": [
          "M1022.976 301.056c-2.355-54.426-11.162-91.802-23.757-124.211-13.577-35.567-33.733-65.876-59.193-90.785l-0.045-0.044c-24.946-25.349-55.171-45.423-88.902-58.449l-1.722-0.585c-32.614-12.595-69.786-21.35-124.211-23.757-54.784-2.611-72.192-3.226-211.251-3.226-139.008 0-156.416 0.614-211.046 3.021-54.374 2.355-91.802 11.162-124.16 23.757-35.587 13.57-65.913 33.727-90.837 59.194l-0.043 0.044c-25.327 24.951-45.383 55.175-58.398 88.901l-0.585 1.723c-12.646 32.614-21.402 69.786-23.808 124.211-2.611 54.784-3.226 72.192-3.226 211.251 0 139.008 0.614 156.416 3.021 211.046 2.406 54.426 11.213 91.802 23.808 124.211 13.646 35.534 33.772 65.828 59.153 90.795l0.034 0.033c25.6 26.010 56.627 46.182 90.624 58.982 32.614 12.646 69.837 21.453 124.211 23.808 54.63 2.406 72.038 3.021 211.046 3.021 139.059 0 156.467-0.614 211.046-3.021 54.426-2.355 91.802-11.162 124.211-23.757 69.038-27.2 122.662-80.825 149.244-148.088l0.618-1.774c12.595-32.614 21.402-69.837 23.808-124.211 2.406-54.63 2.97-72.038 2.97-211.046s-0.205-156.416-2.56-211.046zM930.816 719.155c-2.253 50.022-10.65 77.005-17.613 95.027-17.663 44.783-52.473 79.56-96.128 96.777l-1.152 0.4c-17.92 7.014-45.158 15.411-94.976 17.613-54.016 2.406-70.195 3.021-206.848 3.021-136.602 0-153.037-0.614-206.848-3.021-50.022-2.202-77.005-10.598-95.027-17.613-23.057-8.61-42.695-21.63-58.74-38.157l-0.037-0.039c-16.538-16.11-29.565-35.738-37.882-57.683l-0.364-1.095c-6.963-18.022-15.36-45.21-17.562-95.027-2.406-54.016-3.021-70.246-3.021-206.848 0-136.653 0.614-153.088 3.021-206.848 2.202-50.022 10.598-77.005 17.562-95.027 8.599-23.112 21.698-42.78 38.348-58.779l0.052-0.049c16.136-16.537 35.801-29.551 57.785-37.833l1.095-0.362c17.92-7.014 45.158-15.36 94.976-17.613 54.016-2.355 70.246-2.97 206.848-2.97 136.806 0 153.037 0.614 206.848 2.97 50.022 2.202 77.005 10.598 95.027 17.613 22.17 8.192 42.394 21.197 58.778 38.195 16.998 16.64 30.003 36.608 38.246 58.88 6.963 17.92 15.36 45.158 17.562 94.976 2.406 54.016 3.021 70.195 3.021 206.848 0 136.602-0.614 152.576-3.021 206.643z",
          "M513.894 249.037c-145.253 0.058-262.985 117.808-263.014 263.063l-0 0.003c-0 0.015-0 0.033-0 0.051 0 145.315 117.801 263.117 263.117 263.117s263.117-117.801 263.117-263.117c0-145.315-117.801-263.117-263.117-263.117-0.018 0-0.036 0-0.054 0l0.003-0zM513.894 682.701c-94.236-0.015-170.624-76.411-170.624-170.65 0-94.247 76.402-170.65 170.65-170.65 0.009 0 0.018 0 0.027 0l-0.001-0c94.261 0 170.675 76.414 170.675 170.675s-76.414 170.675-170.675 170.675l0-0zM848.794 238.643c0 33.932-27.508 61.44-61.44 61.44s-61.44-27.508-61.44-61.44l-0-0c0-33.932 27.508-61.44 61.44-61.44s61.44 27.508 61.44 61.44v-0z"
        ],
        "attrs": [],
        "isMulticolor": false,
        "isMulticolor2": false,
        "grid": 0,
        "tags": [
          "instagram"
        ],
        "colorPermutations": {}
      },
      "attrs": [],
      "properties": {
        "order": 19,
        "id": 0,
        "name": "instagram",
        "prevSize": 32
      },
      "setIdx": 3,
      "setId": 5,
      "iconIdx": 3
    },
    {
      "icon": {
        "paths": [
          "M477.623 478.866h34.099v153.527h-34.099v-153.527zM614.078 547.109h34.114v85.285h-34.114v-85.285zM341.153 598.279h34.114v34.114h-34.114v-34.114zM238.811 581.208h34.114v51.171h-34.114v-51.171z",
          "M51.171 905.304h818.761c0.004 0 0.009 0 0.015 0 28.261 0 51.171-22.91 51.171-51.171l-0-0v-68.228c0-28.261-22.91-51.171-51.171-51.171v-0h-17.057v-425.399l96.885-91.78c6.636 3.343 14.463 5.3 22.747 5.3 28.422 0 51.463-23.041 51.463-51.463s-23.041-51.463-51.463-51.463c-28.422 0-51.463 23.041-51.463 51.463 0 7.9 1.78 15.385 4.961 22.075l-0.133-0.312-72.997 69.193v-39.351c0-28.261-22.91-51.171-51.171-51.171v0h-682.32c-28.261 0-51.171 22.91-51.171 51.171v0 511.737h-17.057c-28.261 0-51.171 22.91-51.171 51.171v-0 68.228c0 28.261 22.91 51.171 51.171 51.171v0zM972.288 154.77c9.42-0 17.057 7.637 17.057 17.057s-7.637 17.057-17.057 17.057h-0c-9.42 0-17.057-7.637-17.057-17.057s7.637-17.057 17.057-17.057v0zM102.341 222.998c0-9.421 7.636-17.057 17.057-17.057h682.32c9.421 0 17.057 7.636 17.057 17.057v71.636l-34.114 32.417v-69.925c0-9.435-7.651-17.072-17.072-17.072h-614.064c-9.421 0-17.072 7.636-17.072 17.057v426.452c0 9.421 7.651 17.057 17.072 17.057h614.064c9.435 0 17.072-7.636 17.072-17.057v-309.584l34.114-32.329v393.070h-716.434v-511.707zM255.868 444.752c-0.044-0-0.097-0-0.15-0-28.261 0-51.171 22.91-51.171 51.171s22.91 51.171 51.171 51.171c13.833 0 26.384-5.489 35.594-14.407l-0.014 0.013 59.29 29.755c6.89 3.438 15.243 1.829 20.363-3.92l126.040-141.809 123.904 92.848c6.656 4.974 15.931 4.447 21.957-1.258l107.681-102.005v260.198h-579.95v-392.338h579.95v85.138l-120.686 114.293-124.928-93.667c-2.819-2.134-6.384-3.419-10.249-3.419-5.060 0-9.606 2.202-12.732 5.699l-0.015 0.017-127.766 143.77-47.762-23.888c0.336-2.048 0.556-4.111 0.644-6.188 0-28.261-22.91-51.171-51.171-51.171h-0zM272.925 495.923c0 9.42-7.637 17.057-17.057 17.057s-17.057-7.637-17.057-17.057v0c0-9.42 7.637-17.057 17.057-17.057s17.057 7.637 17.057 17.057v0zM375.267 768.848h170.569v17.057c0 9.421-7.621 17.057-17.042 17.057h-136.47c-9.42 0-17.057-7.637-17.057-17.057v0-17.057zM34.128 785.905c0-9.421 7.621-17.057 17.042-17.057h289.982v17.057c0 28.261 22.91 51.171 51.171 51.171v0h136.47c28.261-0 51.171-22.91 51.171-51.171v0-17.057h289.982c9.421 0 17.057 7.636 17.057 17.057v68.228c0 9.421-7.636 17.057-17.057 17.057h-818.761c-0.004 0-0.009 0-0.015 0-9.42 0-17.057-7.637-17.057-17.057 0-0 0-0 0-0l-0 0v-68.228z"
        ],
        "attrs": [
          {
            "fill": "rgb(33, 150, 243)"
          },
          {
            "fill": "rgb(33, 33, 33)"
          }
        ],
        "isMulticolor": true,
        "isMulticolor2": false,
        "grid": 0,
        "tags": [
          "diagram"
        ],
        "colorPermutations": {
          "3315024313333331": [
            {
              "f": 1
            },
            {
              "f": 0
            }
          ]
        }
      },
      "attrs": [
        {
          "fill": "rgb(33, 150, 243)"
        },
        {
          "fill": "rgb(33, 33, 33)"
        }
      ],
      "properties": {
        "order": 20,
        "id": 3,
        "name": "diagram",
        "prevSize": 32
      },
      "setIdx": 4,
      "setId": 4,
      "iconIdx": 0
    },
    {
      "icon": {
        "paths": [
          "M1001.487 489.633c-0.044-270.468-219.355-489.691-489.852-489.633-270.482 0.059-489.691 219.37-489.633 489.852 0.057 217.208 141.506 401.364 337.309 465.437l3.463 0.981c1.946 0.614 3.95 0.922 5.998 0.922 3.847 0 7.621-1.039 10.942-2.999 4.33-2.56 7.548-6.627 9.070-11.41l123.67-392.002c33.714-0.117 61-27.475 61-61.206 0-33.803-27.403-61.206-61.206-61.206-9.701 0-18.875 2.257-27.025 6.274l0.359-0.16-163.387-163.416c-3.664-3.535-8.658-5.713-14.161-5.713-11.27 0-20.407 9.136-20.407 20.407 0 5.506 2.181 10.503 5.726 14.174l-0.006-0.006 163.299 163.489c-3.863 7.71-6.124 16.8-6.124 26.417 0 19.251 9.061 36.385 23.15 47.371l0.134 0.1-117.833 373.541c-232.887-85.797-352.139-344.137-266.357-577.024 85.797-232.887 344.123-352.139 577.024-266.342 232.887 85.782 352.139 344.123 266.342 577.009-43.032 114.601-128.103 204.999-235.963 254.019l-2.819 1.147-12.727-59.977c-2.009-9.318-10.179-16.199-19.957-16.199-5.235 0-10.009 1.973-13.62 5.215l0.019-0.017-122.778 109.627c-4.217 3.753-6.859 9.195-6.859 15.255 0 9.068 5.918 16.753 14.103 19.404l0.144 0.040 156.76 50.030c1.87 0.625 4.023 0.985 6.261 0.985 11.262 0 20.392-9.13 20.392-20.392 0-1.515-0.165-2.991-0.478-4.412l0.025 0.135-12.507-58.836c176.885-75.979 298.512-248.692 298.512-449.812 0-0.366-0-0.731-0.001-1.097l0 0.057zM511.751 469.241c11.27-0 20.407 9.136 20.407 20.407s-9.136 20.407-20.407 20.407h-0c-11.27 0-20.407-9.136-20.407-20.407s9.136-20.407 20.407-20.407l-0 0zM578.955 944.889l69.895-62.347 19.295 90.887-89.19-28.54z",
          "M491.344 101.917v40.814c0 11.27 9.136 20.407 20.407 20.407s20.407-9.136 20.407-20.407l-0-0v-40.814c0-11.27-9.136-20.407-20.407-20.407s-20.407 9.136-20.407 20.407v-0zM124.036 469.241c-11.27-0-20.407 9.136-20.407 20.407s9.136 20.407 20.407 20.407h40.814c11.27 0 20.407-9.136 20.407-20.407s-9.136-20.407-20.407-20.407l-40.814 0zM899.467 510.054c11.27 0 20.407-9.136 20.407-20.407s-9.136-20.407-20.407-20.407l-40.814 0c-11.27-0-20.407 9.136-20.407 20.407s9.136 20.407 20.407 20.407h40.814z"
        ],
        "attrs": [
          {
            "fill": "rgb(33, 33, 33)"
          },
          {
            "fill": "rgb(33, 150, 243)"
          }
        ],
        "isMulticolor": true,
        "isMulticolor2": false,
        "grid": 0,
        "tags": [
          "clock"
        ],
        "colorPermutations": {
          "3315024313333331": [
            {
              "f": 0
            },
            {
              "f": 1
            }
          ]
        }
      },
      "attrs": [
        {
          "fill": "rgb(33, 33, 33)"
        },
        {
          "fill": "rgb(33, 150, 243)"
        }
      ],
      "properties": {
        "order": 21,
        "id": 2,
        "name": "clock",
        "prevSize": 32
      },
      "setIdx": 4,
      "setId": 4,
      "iconIdx": 1
    },
    {
      "icon": {
        "paths": [
          "M1023.166 144.764c-2.040-6.112-7.274-10.624-13.671-11.589l-0.094-0.012-61.133-8.894-27.355-55.398c-5.734-11.674-24.869-11.674-30.603 0l-27.355 55.398-61.147 8.894c-8.317 1.238-14.625 8.33-14.625 16.895 0 4.786 1.97 9.112 5.143 12.212l44.269 43.128-10.445 60.884c-1.083 6.407 1.536 12.873 6.788 16.706 5.296 3.847 12.229 4.33 17.993 1.287l54.667-28.76 54.682 28.76c2.297 1.226 5.025 1.946 7.92 1.946 9.436 0 17.086-7.65 17.086-17.086 0-1.008-0.087-1.996-0.255-2.956l0.015 0.102-10.43-60.884 44.251-43.14c3.169-3.109 5.134-7.436 5.134-12.222 0-1.885-0.305-3.699-0.868-5.395l0.035 0.121zM944.362 187.246c-4.008 3.906-5.851 9.582-4.901 15.111l6.115 35.65-32.022-16.823c-2.304-1.24-5.042-1.968-7.951-1.968s-5.646 0.728-8.042 2.013l0.091-0.045-32.037 16.823 6.129-35.65c0.157-0.869 0.246-1.868 0.246-2.889 0-4.789-1.97-9.117-5.143-12.219l-25.94-25.267 35.811-5.193c5.559-0.805 10.357-4.301 12.859-9.348l16.004-32.417 16.018 32.402c2.487 5.047 7.3 8.543 12.859 9.348l35.811 5.193-25.893 25.264zM836.272 656.706h-34.143v34.143h34.143v-34.143zM836.272 724.992h-34.143v34.114h34.143v-34.114zM870.4 690.849h-34.128v34.128h34.128v-34.128z",
          "M802.143 690.849h-34.143v34.128h34.143v-34.128zM716.8 844.449h-34.128v34.128h34.128v-34.128zM716.8 912.72h-34.128v34.128h34.128v-34.128zM750.928 878.592h-34.128v34.128h34.128v-34.143zM682.672 878.592h-34.143v34.128h34.143v-34.143zM512 776.192h-34.143v34.128h34.143v-34.143zM512 844.449h-34.143v34.128h34.143v-34.128zM546.128 810.306h-34.128v34.143h34.128v-34.143zM477.857 810.306h-34.128v34.143h34.128v-34.143zM187.728 195.906h-34.143v34.128h34.143v-34.128zM187.728 264.177h-34.143v34.128h34.143v-34.114zM221.857 230.034h-34.128v34.143h34.128v-34.143zM153.6 230.034h-34.158v34.143h34.128v-34.143z",
          "M790.864 453.105c-8.957-12.044-22.351-20.353-37.72-22.508l-0.299-0.034c-2.442-0.371-5.259-0.584-8.125-0.584-13.139 0-25.238 4.458-34.865 11.944l0.128-0.096-40.097 30.705-60.723 45.349-43.447-17.32c77.473-34.757 131.628-112.26 131.628-202.24 0-122.339-99.913-221.872-222.749-221.872s-222.764 99.533-222.764 221.872c0 44.339 13.268 85.577 35.84 120.276l-88.591-0.775c-0.278 0-0.497 0.146-0.746 0.146-1.809 0.088-3.506 0.451-5.089 1.047l0.115-0.038c-0.41 0.146-0.834 0.234-1.229 0.424-0.205 0.088-0.41 0.102-0.614 0.205l-103.453 51.068c-0.015 0-0.044 0-0.044 0.029l-60.577 29.125c-0.777 0.352-1.44 0.728-2.064 1.156l0.045-0.029c-15.419 10.359-25.429 27.734-25.429 47.446 0 9.506 2.328 18.468 6.444 26.347l-0.15-0.314c7.025 13.554 18.958 23.745 33.39 28.328l0.402 0.11c5.139 1.687 11.054 2.66 17.196 2.66 9.86 0 19.135-2.507 27.222-6.919l-0.298 0.149 44.412-23.611 72.441-37.42 43.418-0.249-174.139 173.29c0 0.029-0.029 0.029-0.044 0.044l-42.847 42.657c-9.684 9.571-15.682 22.853-15.682 37.537 0 0.057 0 0.113 0 0.17l-0-0.009c0 14.219 5.559 27.619 15.682 37.712 9.645 9.601 22.947 15.536 37.634 15.536 0.038 0 0.076-0 0.114-0l-0.006 0c13.692 0 27.341-5.193 37.771-15.536l42.057-41.882 55.706-41.589 28.818 28.701-99.255 98.831c-9.693 9.572-15.697 22.86-15.697 37.551 0 0.046 0 0.093 0 0.139l-0-0.007c0 14.234 5.559 27.633 15.696 37.727 9.651 9.592 22.952 15.521 37.637 15.521 0.037 0 0.073-0 0.11-0l-0.006 0c13.678 0 27.355-5.179 37.771-15.521l143.623-143.111c0.219-0.205 0.512-0.278 0.717-0.497l165.303-181.058 111.075 15.799c0.805 0.117 1.609 0.176 2.399 0.176 2.077 0 4.067-0.497 5.998-1.229 0.571-0.205 1.053-0.483 1.595-0.746 0.614-0.307 1.258-0.483 1.843-0.878l102.824-68.257c0.38-0.263 0.585-0.673 0.936-0.951 0.41-0.322 0.922-0.453 1.302-0.819l40.667-38.107c11.123-10.418 18.054-25.195 18.054-41.591 0-12.802-4.225-24.617-11.358-34.127l0.106 0.147zM68.169 568.642c-3.14 1.733-6.883 2.752-10.865 2.752-2.5 0-4.907-0.402-7.158-1.145l0.161 0.046c-9.415-2.983-16.119-11.643-16.119-21.868 0-7.534 3.639-14.218 9.255-18.39l0.061-0.044 42.043-20.231 10.123 29.579 4.242 12.434-31.744 16.867zM180.078 510.157l-49.547 25.6-8.163-23.888-5.881-17.174 64.863-32.022-1.273 47.484zM663.259 298.306c0 29.389-7.022 57.11-19.163 81.905l-133.808-60.782c-1.393-18.401-10.957-34.315-25.033-44.273l-0.186-0.125 46.826-155.546c76.098 24.21 131.365 95.188 131.365 178.82zM286.018 298.306c0-103.512 84.612-187.743 188.621-187.743 8.090 0 16.004 0.688 23.845 1.682l-45.831 152.093c-0.614 0-1.185-0.19-1.829-0.19-0.009-0-0.019-0-0.029-0-33.025 0-59.806 26.73-59.889 59.735l-0 0.008c0.092 33.007 26.87 59.728 59.889 59.728 0.010 0 0.021-0 0.031-0l-0.002 0c22.235 0 41.428-12.259 51.785-30.223l123.611 56.144c-34.406 46.299-89.439 76.478-151.581 76.478-104.009 0-188.621-84.217-188.621-187.728zM476.628 323.906c0 14.117-11.586 25.6-25.805 25.6-0.013 0-0.029 0-0.044 0-14.165 0-25.657-11.446-25.731-25.593l-0-0.007c0-14.117 11.557-25.6 25.776-25.6s25.79 11.483 25.79 25.6zM78.863 804.674c-3.514 3.482-8.352 5.634-13.693 5.634-5.326 0-10.152-2.14-13.665-5.607l0.002 0.002c-3.479-3.448-5.633-8.227-5.633-13.509s2.154-10.062 5.631-13.508l0.001-0.001 30.793-30.676 27.268 27.136-30.676 30.544zM181.701 924.145c-3.514 3.482-8.352 5.634-13.693 5.634-5.326 0-10.152-2.14-13.665-5.607l0.002 0.002c-3.482-3.446-5.639-8.226-5.639-13.509s2.156-10.064 5.637-13.508l0.002-0.002 30.808-30.691 27.253 27.121-30.705 30.574zM293.113 813.144l-0.044 0.044-56.466 56.32-27.268-27.121 56.481-56.218c1.273-1.287 2.077-2.823 2.867-4.345 0.219-0.439 0.644-0.819 0.834-1.273 0.527-1.317 0.614-2.736 0.819-4.111 0.102-0.79 0.439-1.521 0.439-2.341 0-1.126-0.41-2.238-0.644-3.365-0.205-1.024-0.205-2.063-0.6-3.057-0.787-1.69-1.766-3.142-2.937-4.415l0.011 0.012c-0.322-0.38-0.439-0.848-0.79-1.214h-0.029s0-0.044-0.029-0.073l-51.419-51.2c-0.541-0.541-1.243-0.761-1.858-1.229-0.812-0.672-1.723-1.283-2.691-1.8l-0.088-0.043c-0.851-0.4-1.85-0.752-2.89-1.002l-0.109-0.022c-0.954-0.302-2.072-0.529-3.225-0.639l-0.066-0.005c-0.219-0.010-0.476-0.016-0.734-0.016-0.819 0-1.625 0.059-2.413 0.173l0.090-0.011c-1.141 0.146-2.209 0.293-3.321 0.658-1.083 0.336-2.033 0.878-3.028 1.434-0.629 0.351-1.346 0.483-1.946 0.922l-56.744 42.364-28.818-28.716 76.756-76.361 139.557 137.245-29.696 29.403zM511.312 588.61c-0.483-0.073-0.951 0.117-1.448 0.088-0.255-0.014-0.553-0.022-0.853-0.022-1.001 0-1.981 0.088-2.934 0.256l0.101-0.015c-0.965 0.176-1.902 0.366-2.809 0.688-1.183 0.425-2.201 0.929-3.151 1.53l0.065-0.038c-1.005 0.604-1.876 1.257-2.675 1.986l0.013-0.012c-0.41 0.351-0.907 0.527-1.287 0.936l-150.323 164.659-138.503-136.207 90.653-90.185c3.084-3.091 4.991-7.357 4.991-12.069 0-9.436-7.65-17.086-17.086-17.086-0.016 0-0.033 0-0.049 0l0.003-0-71.007 0.41 0.892-51.434 99.328 0.848c40.435 41.494 96.865 67.233 159.307 67.233 0.035 0 0.071-0 0.106-0l-0.006 0c14 0 27.648-1.463 40.945-3.92 1.273 1.024 2.545 2.048 4.14 2.706l77.122 30.72 4.871 24.269 5.705 28.336-96.095-13.678zM640.629 594.315l-10.006-49.854 46.285-34.567 30.281 40.214-66.56 44.208zM760.759 503.72l-26.814 25.117-29.798-39.556 26.595-20.392c4.974-3.818 11.235-5.383 17.379-4.579 6.173 0.878 11.644 4.096 15.36 9.099 2.813 3.755 4.505 8.491 4.505 13.623 0 6.578-2.78 12.507-7.228 16.676l-0.013 0.012z",
          "M435.273 593.408l-68.579-68.272c-3.083-3.077-7.339-4.98-12.039-4.98s-8.956 1.903-12.040 4.98l0-0-68.564 68.272c-3.088 3.1-4.996 7.376-4.996 12.098s1.909 8.998 4.997 12.098l-0.001-0.001 68.564 68.272c3.083 3.077 7.339 4.98 12.039 4.98s8.956-1.903 12.040-4.98l-0 0 68.579-68.272c3.105-3.092 5.027-7.37 5.027-12.098s-1.921-9.006-5.026-12.097l-0.001-0.001zM354.67 649.699l-44.383-44.178 44.368-44.193 44.398 44.178-44.398 44.178zM549.259 162.26l-8.251 33.148c2.282 0.571 55.618 14.453 55.618 68.754h34.128c0-64.541-53.307-94.881-81.496-101.903zM630.755 298.306h-34.143v34.128h34.143v-34.128z"
        ],
        "attrs": [
          {
            "fill": "rgb(33, 150, 243)"
          },
          {
            "fill": "rgb(33, 150, 243)"
          },
          {
            "fill": "rgb(33, 33, 33)"
          },
          {
            "fill": "rgb(33, 33, 33)"
          }
        ],
        "isMulticolor": true,
        "isMulticolor2": false,
        "grid": 0,
        "tags": [
          "astronaut"
        ],
        "colorPermutations": {
          "3315024313333331": [
            {
              "f": 1
            },
            {
              "f": 1
            },
            {
              "f": 0
            },
            {
              "f": 0
            }
          ]
        }
      },
      "attrs": [
        {
          "fill": "rgb(33, 150, 243)"
        },
        {
          "fill": "rgb(33, 150, 243)"
        },
        {
          "fill": "rgb(33, 33, 33)"
        },
        {
          "fill": "rgb(33, 33, 33)"
        }
      ],
      "properties": {
        "order": 27,
        "id": 1,
        "name": "astronaut",
        "prevSize": 32
      },
      "setIdx": 4,
      "setId": 4,
      "iconIdx": 2
    },
    {
      "icon": {
        "paths": [
          "M984.737 707.131l-270.19-272.165 29.989-147.705c7.193 2.894 15.53 4.601 24.257 4.666l0.027 0h0.205c0.243 0.003 0.531 0.005 0.818 0.005 38.158 0 69.091-30.933 69.091-69.091s-30.933-69.091-69.091-69.091c-38.158 0-69.091 30.933-69.091 69.091 0 8.301 1.464 16.26 4.147 23.633l-0.153-0.48-158.72 19.383-258.896-260.257c-3.069-3.131-7.33-5.083-12.047-5.12l-0.007-0c-4.476 0.029-8.777 1.814-11.952 4.974l-48.377 48.128c-3.088 3.089-4.997 7.356-4.997 12.069s1.91 8.98 4.997 12.069l-0-0 26.039 26.405c-36.576 65.993-58.103 144.706-58.103 228.447 0 131.377 52.985 250.379 138.751 336.802l-0.030-0.030c1.375 1.317 2.955 2.355 4.681 3.116-1.024 5.245-1.629 11.295-1.667 17.478l-0 0.032v197.983h-204.8c-47.115 0.042-85.299 38.216-85.358 85.323l-0 0.006v34.128c0 9.435 7.651 17.072 17.072 17.072h785.072c9.421 0 17.057-7.636 17.057-17.072v-34.128c-0.058-47.102-38.226-85.27-85.323-85.328l-204.806-0v-87.742c32.080 6.729 64.775 10.152 97.558 10.24 82.553-0.090 160.151-21.217 227.748-58.307l-2.468 1.241 26.185 26.331c3.16 3.233 7.504 5.076 12.039 5.12 4.476-0.029 8.777-1.814 11.952-4.974l48.391-48.128c3.088-3.089 4.997-7.356 4.997-12.069s-1.91-8.98-4.997-12.069l0 0zM744.96 199.461c6.17-6.138 14.676-9.933 24.069-9.933 18.849 0 34.128 15.28 34.128 34.128s-15.28 34.128-34.128 34.128c-0.002 0-0.004-0-0.005-0l-0.117 0c-18.771-0.102-33.948-15.343-33.948-34.128 0-9.456 3.846-18.014 10.058-24.195l0.001-0.001h-0.059zM704.775 311.589l-19.149 94.267-37.61-37.844 56.759-56.422zM685.392 282.726l-61.44 61.089-47.543-47.792 108.983-13.297zM768.132 921.6c28.277 0 51.2 22.923 51.2 51.2v0 17.072h-750.928v-17.072c0-28.277 22.923-51.2 51.2-51.2v0h648.528zM529.203 853.328v34.143h-170.672v-34.143h170.672zM358.532 819.2v-129.712c0-41.399 38.283-75.088 85.328-75.088 47.060 0 85.343 33.69 85.343 75.088v129.712h-170.672zM563.332 764.928v-75.44c0-60.226-53.584-109.217-119.472-109.217-0.555-0.009-1.21-0.014-1.867-0.014-43.281 0-81.28 22.613-102.828 56.669l-0.295 0.499c-75.515-79.415-121.968-187.081-121.968-305.598 0-74.053 18.136-143.87 50.209-205.252l-1.165 2.448 595.266 598.674c-58.323 30.297-127.343 48.066-200.514 48.066-34.517 0-68.11-3.954-100.351-11.434l2.983 0.583zM924.584 743.044l-673.821-677.786 24.137-24.064 253.923 255.356c0.117 0 0.19 0.219 0.307 0.307l419.664 422.122-24.21 24.064z",
          "M444.021 648.528h-0.146c-0.024-0-0.052-0-0.080-0-28.277 0-51.2 22.923-51.2 51.2 0 28.249 22.877 51.154 51.115 51.2l0.004 0h0.146c0.022 0 0.047 0 0.073 0 28.277 0 51.2-22.923 51.2-51.2 0-28.251-22.881-51.158-51.123-51.2l-0.004-0zM455.958 711.841c-3.087 3.074-7.344 4.974-12.045 4.974-9.428 0-17.072-7.643-17.072-17.072 0-9.41 7.613-17.041 17.016-17.071l0.003-0c9.389 0.041 16.984 7.662 16.984 17.057 0 4.729-1.924 9.008-5.032 12.097l-0.001 0.001h0.146z"
        ],
        "attrs": [
          {
            "fill": "rgb(33, 33, 33)"
          },
          {
            "fill": "rgb(33, 150, 243)"
          }
        ],
        "isMulticolor": true,
        "isMulticolor2": false,
        "grid": 0,
        "tags": [
          "antenna"
        ],
        "colorPermutations": {
          "3315024313333331": [
            {
              "f": 0
            },
            {
              "f": 1
            }
          ]
        }
      },
      "attrs": [
        {
          "fill": "rgb(33, 33, 33)"
        },
        {
          "fill": "rgb(33, 150, 243)"
        }
      ],
      "properties": {
        "order": 23,
        "id": 0,
        "name": "antenna",
        "prevSize": 32
      },
      "setIdx": 4,
      "setId": 4,
      "iconIdx": 3
    },
    {
      "icon": {
        "paths": [
          "M580.267 0h-477.867c-56.467 0-102.4 42.878-102.4 95.59v828.447c0 52.716 45.933 95.594 102.4 95.594h477.867c56.467 0 102.4-42.878 102.4-95.594v-828.447c0-52.712-45.933-95.59-102.4-95.59zM102.4 63.727h477.867c18.833 0 34.133 14.282 34.133 31.864v669.133h-546.133v-669.133c0-17.581 15.3-31.864 34.133-31.864zM580.267 955.904h-477.867c-18.833 0-34.133-14.281-34.133-31.867v-95.587h546.133v95.587c0 17.585-15.3 31.867-34.133 31.867z",
          "M160.669 869.642c13.33 12.452 13.33 32.631 0 45.076-13.33 12.452-34.941 12.452-48.271 0-13.33-12.445-13.33-32.625 0-45.076 13.33-12.445 34.941-12.445 48.271 0z"
        ],
        "attrs": [],
        "width": 683,
        "isMulticolor": false,
        "isMulticolor2": false,
        "grid": 0,
        "tags": [
          "smartphone"
        ],
        "colorPermutations": {}
      },
      "attrs": [],
      "properties": {
        "order": 24,
        "id": 1,
        "name": "smartphone",
        "prevSize": 32
      },
      "setIdx": 5,
      "setId": 3,
      "iconIdx": 0
    },
    {
      "icon": {
        "paths": [
          "M1237.333 0h-1109.332c-70.584 0-128.001 53.598-128.001 119.489v716.925c0 65.892 57.417 119.49 128.001 119.49h1109.332c70.579 0 128-53.598 128-119.49v-716.925c0-65.89-57.421-119.489-128-119.489zM1237.333 79.658c5.794 0 11.307 1.123 16.35 3.084l-571.017 461.993-571.023-461.993c5.042-1.958 10.557-3.084 16.354-3.084h1109.335zM1237.333 876.245h-1109.332c-23.541 0-42.668-17.852-42.668-39.834v-669.51l569.375 460.642c8.043 6.495 18 9.725 27.959 9.725s19.916-3.227 27.959-9.725l569.375-460.642v669.513c0 21.979-19.123 39.831-42.667 39.831z"
        ],
        "attrs": [],
        "width": 1365,
        "isMulticolor": false,
        "isMulticolor2": false,
        "grid": 0,
        "tags": [
          "envelope"
        ],
        "colorPermutations": {}
      },
      "attrs": [],
      "properties": {
        "order": 25,
        "id": 0,
        "name": "envelope",
        "prevSize": 32
      },
      "setIdx": 5,
      "setId": 3,
      "iconIdx": 1
    }
  ],
  "height": 1024,
  "preferences": {
    "showGlyphs": true,
    "showQuickUse": true,
    "showQuickUse2": true,
    "showSVGs": true,
    "fontPref": {
      "prefix": "icon-",
      "metadata": {
        "fontFamily": "icomoon"
      },
      "metrics": {
        "emSize": 1024,
        "baseline": 6.25,
        "whitespace": 50
      },
      "embed": false
    },
    "imagePref": {
      "prefix": "",
      "png": false,
      "useClassSelector": true,
      "color": 0,
      "bgColor": 16777215,
      "classSelector": ".icon",
      "name": "sprite",
      "height": 32,
      "columns": 16,
      "margin": 16
    },
    "historySize": 50,
    "showCodes": true,
    "gridSize": 16
  }
}